,model,split,f2_score
0,lr_0.0002_latent_dim_100/,0,0.8333333333333334
1,lr_0.0002_latent_dim_100/,1,0.8333333333333334
2,lr_0.0002_latent_dim_100/,2,0.8333333333333334
3,lr_0.0002_latent_dim_100/,3,0.8333333333333334
4,lr_0.0002_latent_dim_100/,4,0.8333333333333334
